iter	RMSE
0	0.4463804354
1	0.428650032
